{
  "config": {
    "min_agents": 4,
    "max_agents": 7,
    "episodes": 16,
    "turns": 10,
    "seed": 20260206
  },
  "by_n_agents": {
    "4": {
      "episodes": 16.0,
      "average_trust": 0.6324992664837943,
      "average_survival": 0.6507775673267582,
      "propose_coalition_rate": 0.5078125,
      "defect_rate": 0.00625,
      "betray_rate": 0.015625,
      "isolate_rate": 0.003125,
      "commit_total_war_rate": 0.4671875,
      "instability_index": 0.021875000000000002,
      "paine_violations": 0.125,
      "death_ground_entries": 0.6875,
      "burn_boats_signals": 0.6875,
      "asym_vulnerability_events": 11.1875,
      "betrayal_collapses": 0.3125
    },
    "5": {
      "episodes": 16.0,
      "average_trust": 0.69984240174916,
      "average_survival": 0.5654799737718897,
      "propose_coalition_rate": 0.525,
      "defect_rate": 0.00125,
      "betray_rate": 0.0025,
      "isolate_rate": 0.0025,
      "commit_total_war_rate": 0.46875,
      "instability_index": 0.00375,
      "paine_violations": 0.125,
      "death_ground_entries": 0.6875,
      "burn_boats_signals": 0.6875,
      "asym_vulnerability_events": 13.75,
      "betrayal_collapses": 0.0625
    },
    "6": {
      "episodes": 16.0,
      "average_trust": 0.5145817873373925,
      "average_survival": 0.1723062705695638,
      "propose_coalition_rate": 0.265625,
      "defect_rate": 0.0010416666666666667,
      "betray_rate": 0.026041666666666668,
      "isolate_rate": 0.0,
      "commit_total_war_rate": 0.7072916666666667,
      "instability_index": 0.027083333333333334,
      "paine_violations": 0.0625,
      "death_ground_entries": 5.4375,
      "burn_boats_signals": 5.4375,
      "asym_vulnerability_events": 17.0,
      "betrayal_collapses": 0.4375
    },
    "7": {
      "episodes": 16.0,
      "average_trust": 0.4644596763342539,
      "average_survival": 0.01983688915083274,
      "propose_coalition_rate": 0.19285714285714287,
      "defect_rate": 0.0008928571428571428,
      "betray_rate": 0.022321428571428572,
      "isolate_rate": 0.0,
      "commit_total_war_rate": 0.7839285714285714,
      "instability_index": 0.023214285714285715,
      "paine_violations": 0.0,
      "death_ground_entries": 9.0625,
      "burn_boats_signals": 9.0625,
      "asym_vulnerability_events": 25.5625,
      "betrayal_collapses": 0.875
    }
  }
}