{
  "config": {
    "min_agents": 4,
    "max_agents": 7,
    "episodes": 24,
    "turns": 12,
    "seed": 20260206,
    "epsilon": 0.08,
    "death_ground_threshold": 0.15,
    "surprise_lambda": 4.0
  },
  "by_n_agents": {
    "4": {
      "episodes": 24.0,
      "final_loyalty": 0.64498575,
      "final_reciprocity": 0.5693115833333333,
      "final_promise_keeping": 0.568869625,
      "meta_consistency": 0.9801508333333333,
      "average_survival": 0.8278460833333333,
      "coalition_rate": 0.782986,
      "defect_rate": 0.12413191666666666,
      "betray_rate": 0.029513791666666667,
      "isolate_rate": 0.011284666666666667,
      "death_ground_rate": 0.05208320833333333,
      "instability_index": 0.15364591666666666,
      "cohesion_index": 0.6071486666666667,
      "paine_violations": 0.0,
      "death_ground_entries": 0.4166666666666667,
      "burn_boats_signals": 0.4166666666666667,
      "asymmetric_vulnerability_events": 1.2916666666666667
    },
    "5": {
      "episodes": 24.0,
      "final_loyalty": 0.6216027083333333,
      "final_reciprocity": 0.5715484583333333,
      "final_promise_keeping": 0.56464725,
      "meta_consistency": 0.97635825,
      "average_survival": 0.82873675,
      "coalition_rate": 0.7999999166666667,
      "defect_rate": 0.11805554166666667,
      "betray_rate": 0.02916675,
      "isolate_rate": 0.0194445,
      "death_ground_rate": 0.03333341666666667,
      "instability_index": 0.14722233333333334,
      "cohesion_index": 0.5965755833333334,
      "paine_violations": 0.041666666666666664,
      "death_ground_entries": 0.5833333333333334,
      "burn_boats_signals": 0.5833333333333334,
      "asymmetric_vulnerability_events": 2.2083333333333335
    },
    "6": {
      "episodes": 24.0,
      "final_loyalty": 0.6047735,
      "final_reciprocity": 0.5414344583333334,
      "final_promise_keeping": 0.5523168333333334,
      "meta_consistency": 0.9817112083333334,
      "average_survival": 0.8225473333333333,
      "coalition_rate": 0.7627315,
      "defect_rate": 0.138889,
      "betray_rate": 0.040509333333333335,
      "isolate_rate": 0.019676083333333334,
      "death_ground_rate": 0.03819458333333334,
      "instability_index": 0.17939816666666666,
      "cohesion_index": 0.573104,
      "paine_violations": 0.875,
      "death_ground_entries": 0.4583333333333333,
      "burn_boats_signals": 0.4583333333333333,
      "asymmetric_vulnerability_events": 2.75
    },
    "7": {
      "episodes": 24.0,
      "final_loyalty": 0.5777938333333333,
      "final_reciprocity": 0.52514725,
      "final_promise_keeping": 0.5311109166666667,
      "meta_consistency": 0.9869815,
      "average_survival": 0.77633175,
      "coalition_rate": 0.750992125,
      "defect_rate": 0.14136908333333334,
      "betray_rate": 0.056547708333333335,
      "isolate_rate": 0.016369208333333333,
      "death_ground_rate": 0.034722333333333334,
      "instability_index": 0.19791679166666667,
      "cohesion_index": 0.5514705833333333,
      "paine_violations": 1.9166666666666667,
      "death_ground_entries": 0.75,
      "burn_boats_signals": 0.75,
      "asymmetric_vulnerability_events": 2.2083333333333335
    }
  }
}